"Plan ID","Date/Time","Description","Status","Finalized By","Finalized Date/Time"
"=""849141""","=""10/17/2021 9:00:00 AM GST""","=""10:00AM""","=""Completed""","="" ""","="""""
"=""850068""","=""10/17/2021 11:00:00 AM GST""","=""12:00PM""","=""Completed""","="" ""","="""""
"=""850653""","=""10/17/2021 1:00:00 PM GST""","=""2:00PM""","=""Completed""","="" ""","="""""
"=""851738""","=""10/18/2021 7:00:00 AM GST""","=""8:00AM""","=""Completed""","="" ""","="""""
"=""852249""","=""10/18/2021 9:00:00 AM GST""","=""10:00AM""","=""Completed""","="" ""","="""""
"=""853254""","=""10/18/2021 11:00:00 AM GST""","=""12:00PM""","=""Completed""","="" ""","="""""
"=""853926""","=""10/18/2021 1:00:00 PM GST""","=""2:00PM""","=""Completed""","="" ""","="""""
"=""854267""","=""10/18/2021 3:00:00 PM GST""","=""4:00PM""","=""Completed""","="" ""","="""""
"=""854760""","=""10/18/2021 5:00:00 PM GST""","=""6:00PM""","=""Completed""","="" ""","="""""
"=""848767""","=""10/17/2021 8:30:00 AM GST""","=""09:30AM""","=""Completed""","="" ""","="""""
"=""849643""","=""10/17/2021 10:00:00 AM GST""","=""11:00AM""","=""Completed""","="" ""","="""""
"=""851314""","=""10/18/2021 6:00:00 AM GST""","=""7:00AM""","=""Completed""","="" ""","="""""
"=""852828""","=""10/18/2021 10:00:00 AM GST""","=""11:00AM""","=""Completed""","="" ""","="""""
"=""849422""","=""10/17/2021 9:00:00 AM GST""","=""10:00AM""","=""Completed""","="" ""","="""""
"=""850349""","=""10/17/2021 11:00:00 AM GST""","=""12:00PM""","=""Completed""","="" ""","="""""
"=""850934""","=""10/17/2021 1:00:00 PM GST""","=""2:00PM""","=""Completed""","="" ""","="""""
"=""852019""","=""10/18/2021 7:00:00 AM GST""","=""8:00AM""","=""Completed""","="" ""","="""""
"=""852530""","=""10/18/2021 9:00:00 AM GST""","=""10:00AM""","=""Completed""","="" ""","="""""
"=""853535""","=""10/18/2021 11:00:00 AM GST""","=""12:00PM""","=""Completed""","="" ""","="""""
"=""854207""","=""10/18/2021 1:00:00 PM GST""","=""2:00PM""","=""Completed""","="" ""","="""""
"=""854548""","=""10/18/2021 3:00:00 PM GST""","=""4:00PM""","=""Completed""","="" ""","="""""
"=""855041""","=""10/18/2021 5:00:00 PM GST""","=""6:00PM""","=""Completed""","="" ""","="""""
"=""849129""","=""10/17/2021 8:30:00 AM GST""","=""9:30AM""","=""Completed""","="" ""","="""""
"=""850054""","=""10/17/2021 10:00:00 AM GST""","=""11:00AM""","=""Completed""","="" ""","="""""
"=""851725""","=""10/18/2021 6:00:00 AM GST""","=""7:00AM""","=""Completed""","="" ""","="""""
"=""853241""","=""10/18/2021 10:00:00 AM GST""","=""11:00AM""","=""Completed""","="" ""","="""""
"=""849428""","=""10/17/2021 9:00:00 AM GST""","=""10:00AM""","=""Completed""","="" ""","="""""
"=""850355""","=""10/17/2021 11:00:00 AM GST""","=""12:00PM""","=""Completed""","="" ""","="""""
"=""850940""","=""10/17/2021 1:00:00 PM GST""","=""2:00PM""","=""Completed""","="" ""","="""""
"=""852025""","=""10/18/2021 7:00:00 AM GST""","=""8:00AM""","=""Completed""","="" ""","="""""
"=""852536""","=""10/18/2021 9:00:00 AM GST""","=""10:00AM""","=""Completed""","="" ""","="""""
"=""853541""","=""10/18/2021 11:00:00 AM GST""","=""12:00PM""","=""Completed""","="" ""","="""""
"=""854213""","=""10/18/2021 1:00:00 PM GST""","=""2:00PM""","=""Completed""","="" ""","="""""
"=""854554""","=""10/18/2021 3:00:00 PM GST""","=""4:00PM""","=""Completed""","="" ""","="""""
"=""855047""","=""10/18/2021 5:00:00 PM GST""","=""6:00PM""","=""Completed""","="" ""","="""""
"=""848982""","=""10/17/2021 8:30:00 AM GST""","=""09:30AM""","=""Completed""","="" ""","="""""
"=""849898""","=""10/17/2021 10:00:00 AM GST""","=""11:00AM""","=""Completed""","="" ""","="""""
"=""851568""","=""10/18/2021 6:00:00 AM GST""","=""7:00AM""","=""Completed""","="" ""","="""""
"=""853083""","=""10/18/2021 10:00:00 AM GST""","=""11:00AM""","=""Completed""","="" ""","="""""
"=""849531""","=""10/17/2021 9:00:00 AM GST""","=""10:00AM""","=""Completed""","="" ""","="""""
"=""850458""","=""10/17/2021 11:00:00 AM GST""","=""12:00PM""","=""Completed""","="" ""","="""""
"=""851043""","=""10/17/2021 1:00:00 PM GST""","=""2:00PM""","=""Completed""","="" ""","="""""
"=""852129""","=""10/18/2021 7:00:00 AM GST""","=""8:00AM""","=""Completed""","="" ""","="""""
"=""852640""","=""10/18/2021 9:00:00 AM GST""","=""10:00AM""","=""Completed""","="" ""","="""""
"=""853645""","=""10/18/2021 11:00:00 AM GST""","=""12:00PM""","=""Completed""","="" ""","="""""
"=""853818""","=""10/18/2021 1:00:00 PM GST""","=""2:00PM""","=""Completed""","="" ""","="""""
"=""854658""","=""10/18/2021 3:00:00 PM GST""","=""4:00PM""","=""Completed""","="" ""","="""""
"=""855151""","=""10/18/2021 5:00:00 PM GST""","=""6:00PM""","=""Completed""","="" ""","="""""
"=""849122""","=""10/17/2021 8:30:00 AM GST""","=""09:30AM""","=""Completed""","="" ""","="""""
"=""850046""","=""10/17/2021 10:00:00 AM GST""","=""11:00AM""","=""Completed""","="" ""","="""""
"=""851716""","=""10/18/2021 6:00:00 AM GST""","=""7:00AM""","=""Completed""","="" ""","="""""
"=""853231""","=""10/18/2021 10:00:00 AM GST""","=""11:00AM""","=""Completed""","="" ""","="""""
